{
	"center": [-122.240146, 47.758896],
	"zoom": [14],
	"skip": 0,
    "popupShowLabel": true
}