{
	"center": [-0.481747846041145, 51.3233379650232],
	"zoom": [14]
}