{
	"skip": 0,
    "popupShowLabel": true,
    "fit_bounds": [[-0.122555629777, 51.4734862092], [-0.114842, 51.50621]]
}